{"cameraMode":{"drawMode":0,"name":"Shaded","section":"Shading Mode"},"sceneLighting":false,"audioPlay":false,"sceneViewState":{"showFog":true,"showMaterialUpdate":false,"showSkybox":true,"showFlares":true,"showImageEffects":true,"showParticleSystems":true},"in2DMode":false,"pivot":{"x":-1.4299999475479127,"y":26.56999969482422,"z":0.6899999976158142},"rotation":{"x":-0.06144529953598976,"y":0.5406991839408875,"z":0.03964469954371452,"w":0.8380317687988281},"size":22.0,"orthographic":false}