{"cameraMode":{"drawMode":1,"name":"Wireframe","section":"Shading Mode"},"sceneLighting":false,"audioPlay":false,"sceneViewState":{"showFog":true,"showMaterialUpdate":false,"showSkybox":true,"showFlares":true,"showImageEffects":true,"showParticleSystems":true},"in2DMode":false,"pivot":{"x":-42.349998474121097,"y":79.62000274658203,"z":-3.9699997901916506},"rotation":{"x":0.08836770802736283,"y":0.6988627910614014,"z":-0.08768082410097122,"w":0.7043393850326538},"size":2.8578836917877199,"orthographic":false}