{"cameraMode":{"drawMode":0,"name":"Shaded","section":"Shading Mode"},"sceneLighting":false,"audioPlay":false,"sceneViewState":{"showFog":true,"showMaterialUpdate":false,"showSkybox":true,"showFlares":true,"showImageEffects":true,"showParticleSystems":true},"in2DMode":false,"pivot":{"x":-4.045741558074951,"y":12.95968246459961,"z":-6.896744728088379},"rotation":{"x":0.05436316505074501,"y":0.6383935213088989,"z":-0.04527994990348816,"w":0.7664516568183899},"size":49.0342903137207,"orthographic":false}