{"cameraMode":{"drawMode":0,"name":"Shaded","section":"Shading Mode"},"sceneLighting":false,"audioPlay":false,"sceneViewState":{"showFog":true,"showMaterialUpdate":false,"showSkybox":true,"showFlares":true,"showImageEffects":true,"showParticleSystems":true},"in2DMode":false,"pivot":{"x":-0.24999988079071046,"y":1.2541335821151734,"z":-1.0152117013931275},"rotation":{"x":-0.042657654732465747,"y":0.5389353632926941,"z":0.027342481538653375,"w":0.8408218622207642},"size":4.866010665893555,"orthographic":false}