{"cameraMode":{"drawMode":0,"name":"Shaded","section":"Shading Mode"},"sceneLighting":false,"audioPlay":false,"sceneViewState":{"showFog":true,"showMaterialUpdate":false,"showSkybox":true,"showFlares":true,"showImageEffects":true,"showParticleSystems":true},"in2DMode":false,"pivot":{"x":-0.5299999713897705,"y":1.3700000047683716,"z":8.029999732971192},"rotation":{"x":-0.06388505548238754,"y":0.6581122875213623,"z":0.05620073527097702,"w":0.7480965852737427},"size":0.85736483335495,"orthographic":false}