{"cameraMode":{"drawMode":0,"name":"Shaded","section":"Shading Mode"},"sceneLighting":false,"audioPlay":false,"sceneViewState":{"showFog":true,"showMaterialUpdate":false,"showSkybox":true,"showFlares":true,"showImageEffects":true,"showParticleSystems":true},"in2DMode":false,"pivot":{"x":6.460000038146973,"y":28.213829040527345,"z":7.849999904632568},"rotation":{"x":-0.042657654732465747,"y":0.5389353632926941,"z":0.027342481538653375,"w":0.8408218622207642},"size":-0.33981281518936159,"orthographic":false}